{
  "results": {
    "i1": {
      "f32Value": 0.178111583
    },
    "i2": {
      "f32Value": 0.220771894
    }
  }
}